{"count":1,"self":1390.4927744,"total":4005.4248015,"children":{"InitializeActuators":{"count":1,"self":0.0015007999999999998,"total":0.0015007999999999998,"children":null},"InitializeSensors":{"count":1,"self":0.0009999,"total":0.0009999,"children":null},"AgentSendState":{"count":3743984,"self":6.2951787999999995,"total":151.0584323,"children":{"CollectObservations":{"count":374399,"self":19.265663999999997,"total":19.265664299999997,"children":null},"WriteActionMask":{"count":374399,"self":0.4687147,"total":0.4687147,"children":null},"RequestDecision":{"count":374399,"self":1.6371726,"total":125.0288746,"children":{"AgentInfo.ToProto":{"count":374399,"self":2.1401779999999997,"total":123.391702,"children":{"GenerateSensorData":{"count":374399,"self":121.25152,"total":121.25152399999999,"children":null}}}}}}},"DecideAction":{"count":3743984,"self":2345.0109952,"total":2345.0109124,"children":null},"AgentAct":{"count":3743984,"self":118.7821312,"total":118.85913409999999,"children":{"AgentInfo.ToProto":{"count":249,"self":0.0010007,"total":0.0769974,"children":{"GenerateSensorData":{"count":249,"self":0.0759967,"total":0.0759967,"children":null}}}}}},"gauges":{"OEIntersection.CumulativeReward":{"count":249,"max":0.003124184,"min":7.14538E-05,"runningAverage":0.001446421,"value":0.00144031935,"weightedAverage":0.00125066913}},"metadata":{"timer_format_version":"0.1.0","start_time_seconds":"1647907059","unity_version":"2021.2.16f1","command_line_arguments":"C:\\Program Files\\Unity\\Hub\\Editor\\2021.2.16f1\\Editor\\Unity.exe -projectpath D:\\Unity Games\\ProjetExploration -useHub -hubIPC -cloudEnvironment production -licensingIpc LicenseClient-marco -hubSessionId 41ebcb70-a92c-11ec-ab59-711ecd076d98 -accessToken rQqwTqz08Xb4pC5nLmfLQV5-V0AiandNDpCP5oLr1vk003f","communication_protocol_version":"1.5.0","com.unity.ml-agents_version":"2.0.1","scene_name":"SampleScene","end_time_seconds":"1647911064"}}