{"count":1,"self":21528.018944,"total":27242.0705637,"children":{"InitializeActuators":{"count":1,"self":0.0024997,"total":0.0024997,"children":null},"InitializeSensors":{"count":1,"self":0.0025007,"total":0.0025007,"children":null},"AgentSendState":{"count":25030002,"self":42.826966399999996,"total":96.275342299999991,"children":{"CollectObservations":{"count":250301,"self":14.1795232,"total":14.179523999999999,"children":null},"WriteActionMask":{"count":250301,"self":0.4620976,"total":0.4620976,"children":null},"RequestDecision":{"count":250301,"self":0.76270319999999991,"total":38.8067546,"children":{"AgentInfo.ToProto":{"count":250301,"self":2.0557884,"total":38.0440514,"children":{"GenerateSensorData":{"count":250301,"self":35.988262399999996,"total":35.988262899999995,"children":null}}}}}}},"DecideAction":{"count":25030002,"self":5563.3629184,"total":5563.3628150999994,"children":null},"AgentAct":{"count":25030002,"self":54.0245952,"total":54.4046744,"children":{"AgentInfo.ToProto":{"count":2503,"self":0.0224852,"total":0.3800771,"children":{"GenerateSensorData":{"count":2503,"self":0.35759189999999996,"total":0.35759189999999996,"children":null}}}}}},"gauges":{"IntersectionControl.CumulativeReward":{"count":2503,"max":5.89995527,"min":-171.4499,"runningAverage":-17.5389462,"value":-6.30000925,"weightedAverage":-6.04859972}},"metadata":{"timer_format_version":"0.1.0","start_time_seconds":"1648655495","unity_version":"2021.2.16f1","command_line_arguments":"D:\\Unity Games\\ProjetExploration\\ProjetExploration_Build\\car-ai.exe --mlagents-port 5005 -logFile D:\\Unity Games\\ProjetExploration\\Assets\\results\\AllIntersectionTest\\run_logs\\Player-0.log","communication_protocol_version":"1.5.0","com.unity.ml-agents_version":"2.0.1","scene_name":"SampleScene","end_time_seconds":"1648682737"}}