{"count":1,"self":803.19723519999991,"total":2486.7601553,"children":{"InitializeActuators":{"count":1,"self":0.0015004999999999999,"total":0.0015004999999999999,"children":null},"InitializeSensors":{"count":1,"self":0.0015000999999999999,"total":0.0015000999999999999,"children":null},"AgentSendState":{"count":2001401,"self":2.5824903999999997,"total":26.9066594,"children":{"CollectObservations":{"count":200141,"self":6.9477591999999992,"total":6.9477591,"children":null},"WriteActionMask":{"count":200141,"self":0.2535967,"total":0.2535967,"children":null},"RequestDecision":{"count":200141,"self":0.4104196,"total":17.1228131,"children":{"AgentInfo.ToProto":{"count":200141,"self":0.95188529999999993,"total":16.7123935,"children":{"GenerateSensorData":{"count":200141,"self":15.760508799999998,"total":15.760508199999999,"children":null}}}}}}},"DecideAction":{"count":2001401,"self":1631.4896383999999,"total":1631.489641,"children":null},"AgentAct":{"count":2001401,"self":25.1573392,"total":25.1620979,"children":{"AgentInfo.ToProto":{"count":133,"self":0,"total":0.004759,"children":{"GenerateSensorData":{"count":133,"self":0.004759,"total":0.004759,"children":null}}}}}},"gauges":{"OEIntersection.CumulativeReward":{"count":133,"max":0.00326026161,"min":7.198705E-05,"runningAverage":0.00155122473,"value":0.000171046355,"weightedAverage":0.000975138042}},"metadata":{"timer_format_version":"0.1.0","start_time_seconds":"1647966107","unity_version":"2021.2.16f1","command_line_arguments":"D:\\Unity Games\\ProjetExploration\\ProjetExploration_Build\\car-ai.exe --mlagents-port 5006 -logFile C:\\Users\\marco\\results\\IntersectionTest\\run_logs\\Player-1.log","communication_protocol_version":"1.5.0","com.unity.ml-agents_version":"2.0.1","scene_name":"SampleScene","end_time_seconds":"1647968594"}}