{"count":1,"self":9565.1659776,"total":13153.563711499999,"children":{"InitializeActuators":{"count":1,"self":0.0019998999999999998,"total":0.0019998999999999998,"children":null},"InitializeSensors":{"count":1,"self":0.0015000999999999999,"total":0.0015000999999999999,"children":null},"AgentSendState":{"count":11693951,"self":18.0739952,"total":64.5619055,"children":{"CollectObservations":{"count":233880,"self":13.5513984,"total":13.5513978,"children":null},"WriteActionMask":{"count":233880,"self":0.3796116,"total":0.3796116,"children":null},"RequestDecision":{"count":233880,"self":0.6032136,"total":32.5569013,"children":{"AgentInfo.ToProto":{"count":233880,"self":1.718963,"total":31.9536877,"children":{"GenerateSensorData":{"count":233880,"self":30.234723199999998,"total":30.234724699999997,"children":null}}}}}}},"DecideAction":{"count":11693951,"self":3496.6503423999998,"total":3496.6501976,"children":null},"AgentAct":{"count":11693951,"self":27.031264,"total":27.177806399999998,"children":{"AgentInfo.ToProto":{"count":1169,"self":0.0060012999999999993,"total":0.1465439,"children":{"GenerateSensorData":{"count":1169,"self":0.1405426,"total":0.1405426,"children":null}}}}}},"gauges":{"IntersectionControl.CumulativeReward":{"count":1169,"max":-26.13004,"min":-388.800079,"runningAverage":-83.08267,"value":-57.68994,"weightedAverage":-69.42927}},"metadata":{"timer_format_version":"0.1.0","start_time_seconds":"1649698833","unity_version":"2021.2.16f1","command_line_arguments":"D:\\Unity Games\\ProjetExploration\\ProjetExploration_Build\\car-ai.exe --mlagents-port 5006 -logFile D:\\Unity Games\\ProjetExploration\\Assets\\results\\NewAiTest\\run_logs\\Player-1.log","communication_protocol_version":"1.5.0","com.unity.ml-agents_version":"2.0.1","scene_name":"SampleScene","end_time_seconds":"1649711987"}}