{"count":1,"self":24114.6626048,"total":25849.0257929,"children":{"InitializeActuators":{"count":1,"self":0.0020004,"total":0.0020004,"children":null},"InitializeSensors":{"count":1,"self":0.0009993,"total":0.0009993,"children":null},"AgentSendState":{"count":25171002,"self":32.3556192,"total":50.2494096,"children":{"CollectObservations":{"count":100685,"self":6.1039759999999994,"total":6.1039759999999994,"children":null},"WriteActionMask":{"count":100685,"self":0.1525316,"total":0.1525316,"children":null},"RequestDecision":{"count":100685,"self":0.2355608,"total":11.6372824,"children":{"AgentInfo.ToProto":{"count":100685,"self":0.6466387,"total":11.4017216,"children":{"GenerateSensorData":{"count":100685,"self":10.7550832,"total":10.7550829,"children":null}}}}}}},"DecideAction":{"count":25171002,"self":1662.3050752,"total":1662.3051140999999,"children":null},"AgentAct":{"count":25171002,"self":21.523404799999998,"total":21.8016798,"children":{"AgentInfo.ToProto":{"count":2517,"self":0.0165266,"total":0.27827419999999997,"children":{"GenerateSensorData":{"count":2517,"self":0.26174759999999997,"total":0.26174759999999997,"children":null}}}}}},"gauges":{"IntersectionControl.CumulativeReward":{"count":2517,"max":133.016617,"min":-92.00065,"runningAverage":55.3981361,"value":82.0930939,"weightedAverage":85.63401}},"metadata":{"timer_format_version":"0.1.0","start_time_seconds":"1652450530","unity_version":"2021.2.16f1","command_line_arguments":"D:\\Unity Games\\ProjetExploration\\ProjetExploration_Build\\car-ai.exe --mlagents-port 5007 -logFile C:\\Users\\marco\\results\\Marco_Train_01\\run_logs\\Player-2.log","communication_protocol_version":"1.5.0","com.unity.ml-agents_version":"2.0.1","scene_name":"SampleScene","end_time_seconds":"1652476378"}}