{
    "name": "root",
    "gauges": {
        "IntersectionControl.Policy.Entropy.mean": {
            "value": 2.519221544265747,
            "min": 2.375777244567871,
            "max": 2.560631036758423,
            "count": 60
        },
        "IntersectionControl.Policy.Entropy.sum": {
            "value": 12676.72265625,
            "min": 11750.5947265625,
            "max": 12867.1708984375,
            "count": 60
        },
        "IntersectionControl.Environment.EpisodeLength.mean": {
            "value": 39.0,
            "min": 39.0,
            "max": 39.0,
            "count": 60
        },
        "IntersectionControl.Environment.EpisodeLength.sum": {
            "value": 4875.0,
            "min": 4875.0,
            "max": 4875.0,
            "count": 60
        },
        "IntersectionControl.Step.mean": {
            "value": 299960.0,
            "min": 4960.0,
            "max": 299960.0,
            "count": 60
        },
        "IntersectionControl.Step.sum": {
            "value": 299960.0,
            "min": 4960.0,
            "max": 299960.0,
            "count": 60
        },
        "IntersectionControl.Policy.ExtrinsicValueEstimate.mean": {
            "value": -15.478010177612305,
            "min": -15.614270210266113,
            "max": -11.804189682006836,
            "count": 60
        },
        "IntersectionControl.Policy.ExtrinsicValueEstimate.sum": {
            "value": -1934.751220703125,
            "min": -1951.7838134765625,
            "max": -1475.523681640625,
            "count": 60
        },
        "IntersectionControl.Environment.CumulativeReward.mean": {
            "value": -42.679275671958926,
            "min": -65.80706126403808,
            "max": -38.11694953727722,
            "count": 60
        },
        "IntersectionControl.Environment.CumulativeReward.sum": {
            "value": -5334.909458994865,
            "min": -8225.88265800476,
            "max": -4764.618692159653,
            "count": 60
        },
        "IntersectionControl.Policy.ExtrinsicReward.mean": {
            "value": -42.679275671958926,
            "min": -65.80706126403808,
            "max": -38.11694953727722,
            "count": 60
        },
        "IntersectionControl.Policy.ExtrinsicReward.sum": {
            "value": -5334.909458994865,
            "min": -8225.88265800476,
            "max": -4764.618692159653,
            "count": 60
        },
        "IntersectionControl.IsTraining.mean": {
            "value": 1.0,
            "min": 1.0,
            "max": 1.0,
            "count": 60
        },
        "IntersectionControl.IsTraining.sum": {
            "value": 1.0,
            "min": 1.0,
            "max": 1.0,
            "count": 60
        },
        "IntersectionControl.Losses.PolicyLoss.mean": {
            "value": 0.0570432008100853,
            "min": 0.0570432008100853,
            "max": 0.0570432008100853,
            "count": 1
        },
        "IntersectionControl.Losses.PolicyLoss.sum": {
            "value": 0.0570432008100853,
            "min": 0.0570432008100853,
            "max": 0.0570432008100853,
            "count": 1
        },
        "IntersectionControl.Losses.ValueLoss.mean": {
            "value": 24.05841107635498,
            "min": 24.05841107635498,
            "max": 24.05841107635498,
            "count": 1
        },
        "IntersectionControl.Losses.ValueLoss.sum": {
            "value": 24.05841107635498,
            "min": 24.05841107635498,
            "max": 24.05841107635498,
            "count": 1
        },
        "IntersectionControl.Policy.LearningRate.mean": {
            "value": 0.0005000000000000002,
            "min": 0.0005000000000000002,
            "max": 0.0005000000000000002,
            "count": 1
        },
        "IntersectionControl.Policy.LearningRate.sum": {
            "value": 0.0005000000000000002,
            "min": 0.0005000000000000002,
            "max": 0.0005000000000000002,
            "count": 1
        },
        "IntersectionControl.Policy.Epsilon.mean": {
            "value": 0.2,
            "min": 0.2,
            "max": 0.2,
            "count": 1
        },
        "IntersectionControl.Policy.Epsilon.sum": {
            "value": 0.2,
            "min": 0.2,
            "max": 0.2,
            "count": 1
        },
        "IntersectionControl.Policy.Beta.mean": {
            "value": 0.005,
            "min": 0.005,
            "max": 0.005,
            "count": 1
        },
        "IntersectionControl.Policy.Beta.sum": {
            "value": 0.005,
            "min": 0.005,
            "max": 0.005,
            "count": 1
        }
    },
    "metadata": {
        "timer_format_version": "0.1.0",
        "start_time_seconds": "1652210376",
        "python_version": "3.8.5 (tags/v3.8.5:580fbb0, Jul 20 2020, 15:57:54) [MSC v.1924 64 bit (AMD64)]",
        "command_line_arguments": "C:\\Python38\\Scripts\\mlagents-learn D:\\Unity Games\\ProjetExploration\\IntersectionAI.yml --run-id=Marco_Train_01 --env=D:\\Unity Games\\ProjetExploration\\ProjetExploration_Build\\car-ai.exe --num-envs=3",
        "mlagents_version": "0.28.0",
        "mlagents_envs_version": "0.28.0",
        "communication_protocol_version": "1.5.0",
        "pytorch_version": "1.7.1+cu110",
        "numpy_version": "1.22.3",
        "end_time_seconds": "1652235867"
    },
    "total": 25491.0411342,
    "count": 1,
    "self": 0.7859880000032717,
    "children": {
        "run_training.setup": {
            "total": 0.4536681,
            "count": 1,
            "self": 0.4536681
        },
        "TrainerController.start_learning": {
            "total": 25489.8014781,
            "count": 1,
            "self": 11.287641599905328,
            "children": {
                "TrainerController._reset_env": {
                    "total": 6.3447707,
                    "count": 1,
                    "self": 6.3447707
                },
                "TrainerController.advance": {
                    "total": 25471.73212320009,
                    "count": 298953,
                    "self": 9.588848600422352,
                    "children": {
                        "env_step": {
                            "total": 25254.667645599577,
                            "count": 298953,
                            "self": 22785.346380399984,
                            "children": {
                                "SubprocessEnvManager._take_step": {
                                    "total": 2461.851196599948,
                                    "count": 300082,
                                    "self": 34.25907819990698,
                                    "children": {
                                        "TorchPolicy.evaluate": {
                                            "total": 2427.592118400041,
                                            "count": 300082,
                                            "self": 647.1762251008654,
                                            "children": {
                                                "TorchPolicy.sample_actions": {
                                                    "total": 1780.4158932991754,
                                                    "count": 300082,
                                                    "self": 1780.4158932991754
                                                }
                                            }
                                        }
                                    }
                                },
                                "workers": {
                                    "total": 7.470068599643014,
                                    "count": 298953,
                                    "self": 0.0,
                                    "children": {
                                        "worker_root": {
                                            "total": 76441.50183510006,