{
    "name": "root",
    "gauges": {
        "IntersectionControl.Policy.Entropy.mean": {
            "value": 1.7737958431243896,
            "min": 1.7737958431243896,
            "max": 1.7797151803970337,
            "count": 2
        },
        "IntersectionControl.Policy.Entropy.sum": {
            "value": 35502.5234375,
            "min": 17750.87890625,
            "max": 35502.5234375,
            "count": 2
        },
        "IntersectionControl.Environment.EpisodeLength.mean": {
            "value": 39.0,
            "min": 39.0,
            "max": 39.0,
            "count": 2
        },
        "IntersectionControl.Environment.EpisodeLength.sum": {
            "value": 19500.0,
            "min": 9711.0,
            "max": 19500.0,
            "count": 2
        },
        "IntersectionControl.Step.mean": {
            "value": 979960.0,
            "min": 959960.0,
            "max": 979960.0,
            "count": 2
        },
        "IntersectionControl.Step.sum": {
            "value": 979960.0,
            "min": 959960.0,
            "max": 979960.0,
            "count": 2
        },
        "IntersectionControl.Policy.ExtrinsicValueEstimate.mean": {
            "value": 11.808690071105957,
            "min": 11.808690071105957,
            "max": 13.933858871459961,
            "count": 2
        },
        "IntersectionControl.Policy.ExtrinsicValueEstimate.sum": {
            "value": 5904.34521484375,
            "min": 3455.596923828125,
            "max": 5904.34521484375,
            "count": 2
        },
        "IntersectionControl.Environment.CumulativeReward.mean": {
            "value": 48.220823578357695,
            "min": 48.220823578357695,
            "max": 48.79602953791618,
            "count": 2
        },
        "IntersectionControl.Environment.CumulativeReward.sum": {
            "value": 24110.41178917885,
            "min": 12101.415325403214,
            "max": 24110.41178917885,
            "count": 2
        },
        "IntersectionControl.Policy.ExtrinsicReward.mean": {
            "value": 48.220823578357695,
            "min": 48.220823578357695,
            "max": 48.79602953791618,
            "count": 2
        },
        "IntersectionControl.Policy.ExtrinsicReward.sum": {
            "value": 24110.41178917885,
            "min": 12101.415325403214,
            "max": 24110.41178917885,
            "count": 2
        },
        "IntersectionControl.Losses.PolicyLoss.mean": {
            "value": 0.10979728742806766,
            "min": 0.10979728742806766,
            "max": 0.11033236950493301,
            "count": 2
        },
        "IntersectionControl.Losses.PolicyLoss.sum": {
            "value": 0.43918914971227063,
            "min": 0.11033236950493301,
            "max": 0.43918914971227063,
            "count": 2
        },
        "IntersectionControl.Losses.ValueLoss.mean": {
            "value": 42.248871416568754,
            "min": 38.88792618560791,
            "max": 42.248871416568754,
            "count": 2
        },
        "IntersectionControl.Losses.ValueLoss.sum": {
            "value": 168.99548566627502,
            "min": 38.88792618560791,
            "max": 168.99548566627502,
            "count": 2
        },
        "IntersectionControl.Policy.LearningRate.mean": {
            "value": 9.696096768000004e-06,
            "min": 9.696096768000004e-06,
            "max": 1.3476095507999986e-05,
            "count": 2
        },
        "IntersectionControl.Policy.LearningRate.sum": {
            "value": 3.8784387072000015e-05,
            "min": 1.3476095507999986e-05,
            "max": 3.8784387072000015e-05,
            "count": 2
        },
        "IntersectionControl.Policy.Epsilon.mean": {
            "value": 0.10323200000000002,
            "min": 0.10323200000000002,
            "max": 0.10449200000000002,
            "count": 2
        },
        "IntersectionControl.Policy.Epsilon.sum": {
            "value": 0.4129280000000001,
            "min": 0.10449200000000002,
            "max": 0.4129280000000001,
            "count": 2
        },
        "IntersectionControl.Policy.Beta.mean": {
            "value": 0.00017127680000000007,
            "min": 0.00017127680000000007,
            "max": 0.0002341507999999998,
            "count": 2
        },
        "IntersectionControl.Policy.Beta.sum": {
            "value": 0.0006851072000000003,
            "min": 0.0002341507999999998,
            "max": 0.0006851072000000003,
            "count": 2
        },
        "IntersectionControl.IsTraining.mean": {
            "value": 1.0,
            "min": 1.0,
            "max": 1.0,
            "count": 2
        },
        "IntersectionControl.IsTraining.sum": {
            "value": 1.0,
            "min": 1.0,
            "max": 1.0,
            "count": 2
        }
    },
    "metadata": {
        "timer_format_version": "0.1.0",
        "start_time_seconds": "1652900760",
        "python_version": "3.8.5 (tags/v3.8.5:580fbb0, Jul 20 2020, 15:57:54) [MSC v.1924 64 bit (AMD64)]",
        "command_line_arguments": "C:\\Python38\\Scripts\\mlagents-learn D:\\Unity Games\\ProjetExploration\\IntersectionAI.yml --run-id=Marco_Train_01 --env=D:\\Unity Games\\ProjetExploration\\ProjetExploration_Build\\car-ai.exe --num-envs=3 --resume",
        "mlagents_version": "0.28.0",
        "mlagents_envs_version": "0.28.0",
        "communication_protocol_version": "1.5.0",
        "pytorch_version": "1.7.1+cu110",
        "numpy_version": "1.22.3",
        "end_time_seconds": "1652904052"
    },
    "total": 3291.4413142,
    "count": 1,
    "self": 10.008822399999644,
    "children": {
        "run_training.setup": {
            "total": 0.42397079999999976,
            "count": 1,
            "self": 0.42397079999999976
        },
        "TrainerController.start_learning": {
            "total": 3281.008521,
            "count": 1,
            "self": 0.9203704999717957,
            "children": {
                "TrainerController._reset_env": {
                    "total": 6.3094965,
                    "count": 1,
                    "self": 6.3094965
                },
                "TrainerController.advance": {
                    "total": 3273.6107168000285,
                    "count": 37987,
                    "self": 0.8468770000713448,
                    "children": {
                        "env_step": {
                            "total": 3204.4216274999867,
                            "count": 37987,
                            "self": 2921.7610919999997,
                            "children": {
                                "SubprocessEnvManager._take_step": {
                                    "total": 282.0749812999861,
                                    "count": 38102,
                                    "self": 2.860235199984345,
                                    "children": {
                                        "TorchPolicy.evaluate": {
                                            "total": 279.2147461000018,
                                            "count": 38102,
                                            "self": 74.57978199999349,
                                            "children": {
                                                "TorchPolicy.sample_actions": {
                                                    "total": 204.6349641000083,
                                                    "count": 38102,
                                                    "self": 204.6349641000083
                                                }
                                            }
                                        }
                                    }
                                },
                                "workers": {
                                    "total": 0.5855542000008143,
                                    "count": 37986,
                                    "self": 0.0,