{
    "name": "root",
    "gauges": {
        "IntersectionControl.Policy.Entropy.mean": {
            "value": 1.9678575992584229,
            "min": 1.9595071077346802,
            "max": 2.8827672004699707,
            "count": 50
        },
        "IntersectionControl.Policy.Entropy.sum": {
            "value": 19674.640625,
            "min": 19585.2734375,
            "max": 28795.9609375,
            "count": 50
        },
        "IntersectionControl.Step.mean": {
            "value": 999978.0,
            "min": 509978.0,
            "max": 999978.0,
            "count": 50
        },
        "IntersectionControl.Step.sum": {
            "value": 999978.0,
            "min": 509978.0,
            "max": 999978.0,
            "count": 50
        },
        "IntersectionControl.Policy.ExtrinsicValueEstimate.mean": {
            "value": -1.9566470384597778,
            "min": -8.074326515197754,
            "max": -1.9375418424606323,
            "count": 50
        },
        "IntersectionControl.Policy.ExtrinsicValueEstimate.sum": {
            "value": -391.32940673828125,
            "min": -1614.865234375,
            "max": -387.50836181640625,
            "count": 50
        },
        "IntersectionControl.Environment.EpisodeLength.mean": {
            "value": 99.0,
            "min": 99.0,
            "max": 99.0,
            "count": 50
        },
        "IntersectionControl.Environment.EpisodeLength.sum": {
            "value": 9900.0,
            "min": 9801.0,
            "max": 9900.0,
            "count": 50
        },
        "IntersectionControl.Environment.CumulativeReward.mean": {
            "value": -12.42480010062456,
            "min": -77.32295956903575,
            "max": -12.00620022021234,
            "count": 50
        },
        "IntersectionControl.Environment.CumulativeReward.sum": {
            "value": -1242.4800100624561,
            "min": -7577.650037765503,
            "max": -1200.620022021234,
            "count": 50
        },
        "IntersectionControl.Policy.ExtrinsicReward.mean": {
            "value": -12.42480010062456,
            "min": -77.32295956903575,
            "max": -12.00620022021234,
            "count": 50
        },
        "IntersectionControl.Policy.ExtrinsicReward.sum": {
            "value": -1242.4800100624561,
            "min": -7577.650037765503,
            "max": -1200.620022021234,
            "count": 50
        },
        "IntersectionControl.Losses.PolicyLoss.mean": {
            "value": 0.10900226598814333,
            "min": 0.10751745551006024,
            "max": 0.11606012627714929,
            "count": 50
        },
        "IntersectionControl.Losses.PolicyLoss.sum": {
            "value": 0.21800453197628666,
            "min": 0.11067583745334379,
            "max": 0.23212025255429858,
            "count": 50
        },
        "IntersectionControl.Losses.ValueLoss.mean": {
            "value": 0.7191369298547506,
            "min": 0.7105444536762368,
            "max": 5.661623553710409,
            "count": 50
        },
        "IntersectionControl.Losses.ValueLoss.sum": {
            "value": 1.4382738597095013,
            "min": 1.4210889073524735,
            "max": 6.381532357640786,
            "count": 50
        },
        "IntersectionControl.Policy.LearningRate.mean": {
            "value": 8.004997332000012e-07,
            "min": 8.004997332000012e-07,
            "max": 0.00014846585051140002,
            "count": 50
        },
        "IntersectionControl.Policy.LearningRate.sum": {
            "value": 1.6009994664000024e-06,
            "min": 1.6009994664000024e-06,
            "max": 0.0002923825025392,
            "count": 50
        },
        "IntersectionControl.Policy.Epsilon.mean": {
            "value": 0.10026680000000002,
            "min": 0.10026680000000002,
            "max": 0.14948860000000003,
            "count": 50
        },
        "IntersectionControl.Policy.Epsilon.sum": {
            "value": 0.20053360000000003,
            "min": 0.14948860000000003,
            "max": 0.2974608000000001,
            "count": 50
        },
        "IntersectionControl.Policy.Beta.mean": {
            "value": 2.331332000000002e-05,
            "min": 2.331332000000002e-05,
            "max": 0.0024794811400000003,
            "count": 50
        },
        "IntersectionControl.Policy.Beta.sum": {
            "value": 4.662664000000004e-05,
            "min": 4.662664000000004e-05,
            "max": 0.004883293920000002,
            "count": 50
        },
        "IntersectionControl.IsTraining.mean": {
            "value": 1.0,
            "min": 1.0,
            "max": 1.0,
            "count": 50
        },
        "IntersectionControl.IsTraining.sum": {
            "value": 1.0,
            "min": 1.0,
            "max": 1.0,
            "count": 50
        }
    },
    "metadata": {
        "timer_format_version": "0.1.0",
        "start_time_seconds": "1648655489",
        "python_version": "3.8.5 (tags/v3.8.5:580fbb0, Jul 20 2020, 15:57:54) [MSC v.1924 64 bit (AMD64)]",
        "command_line_arguments": "C:\\Python38\\Scripts\\mlagents-learn D:\\Unity Games\\ProjetExploration\\IntersectionAI.yml --run-id=AllIntersectionTest --env=D:\\Unity Games\\ProjetExploration\\ProjetExploration_Build\\car-ai.exe --num-envs=2 --resume",
        "mlagents_version": "0.28.0",
        "mlagents_envs_version": "0.28.0",
        "communication_protocol_version": "1.5.0",
        "pytorch_version": "1.7.1+cu110",
        "numpy_version": "1.22.3",
        "end_time_seconds": "1648682737"
    },
    "total": 27243.889876999998,
    "count": 1,
    "self": 0.6968843999966339,
    "children": {
        "run_training.setup": {
            "total": 0.4348527000000004,
            "count": 1,
            "self": 0.4348527000000004
        },
        "TrainerController.start_learning": {
            "total": 27242.7581399,
            "count": 1,
            "self": 21.42795269976341,
            "children": {
                "TrainerController._reset_env": {
                    "total": 9.732996799999999,
                    "count": 1,
                    "self": 9.732996799999999
                },
                "TrainerController.advance": {
                    "total": 27211.498774800235,
                    "count": 498047,
                    "self": 18.635434699372126,
                    "children": {
                        "env_step": {
                            "total": 25613.69891430013,
                            "count": 498047,
                            "self": 20015.151301099315,
                            "children": {
                                "SubprocessEnvManager._take_step": {
                                    "total": 5585.452659300528,
                                    "count": 499968,
                                    "self": 54.91787820057925,
                                    "children": {
                                        "TorchPolicy.evaluate": {
                                            "total": 5530.534781099948,
                                            "count": 499968,
                                            "self": 1931.1881496998571,
                                            "children": {
                                                "TorchPolicy.sample_actions": {
                                                    "total": 3599.346631400091,
                                                    "count": 499968,
                                                    "self": 3599.346631400091
                                                }
                                            }
                                        }
                                    }
                                },
                                "workers": {
                                    "total": 13.094953900289461,
                                    "count": 498047,